wl,n,k
191.46,2.04232,0.59569
193.05,2.05161,0.60194
194.65,2.06105,0.6071
196.25,2.07055,0.61126
197.84,2.08003,0.61447
199.44,2.08942,0.61682
201.04,2.09867,0.61839
202.63,2.10773,0.61925
204.23,2.11656,0.61948
205.83,2.12515,0.61915
207.42,2.13346,0.61834
209.02,2.1415,0.6171
210.62,2.14925,0.61551
212.22,2.15672,0.61363
213.81,2.16392,0.61152
215.41,2.17086,0.60923
217.01,2.17756,0.60682
218.6,2.18405,0.60433
220.2,2.19036,0.6018
221.8,2.19652,0.59928
223.4,2.20258,0.59679
224.99,2.20857,0.59437
226.59,2.21454,0.59203
228.19,2.22055,0.5898
229.79,2.22664,0.58767
231.39,2.23288,0.58566
232.98,2.23933,0.58374
234.58,2.24605,0.58192
236.18,2.25311,0.58015
237.78,2.26057,0.5784
239.38,2.26848,0.57661
240.97,2.27692,0.57473
242.57,2.28593,0.57267
244.17,2.29556,0.57033
245.77,2.30584,0.5676
247.37,2.31678,0.56436
248.97,2.32839,0.56046
250.57,2.34064,0.55577
252.16,2.35346,0.55012
253.76,2.36678,0.54335
255.36,2.38045,0.53532
256.96,2.39432,0.5259
258.56,2.40818,0.51496
260.16,2.42182,0.50245
261.76,2.43496,0.48832
263.36,2.44735,0.47261
264.96,2.45872,0.45539
266.56,2.46881,0.4368
268.15,2.47739,0.41703
269.75,2.48429,0.39631
271.35,2.48937,0.37491
272.95,2.49256,0.35312
274.55,2.49385,0.33122
276.15,2.49328,0.3095
277.75,2.49094,0.2882
279.35,2.48696,0.26754
280.95,2.48152,0.2477
282.55,2.47478,0.22882
284.15,2.46693,0.211
285.75,2.45816,0.19431
287.35,2.44864,0.17876
288.95,2.43853,0.16437
290.55,2.428,0.15112
292.15,2.41717,0.13897
293.75,2.40615,0.12787
295.35,2.39505,0.11776
296.95,2.38395,0.10859
298.55,2.37292,0.1003
300.15,2.36201,0.09282
301.75,2.35127,0.08609
303.35,2.34075,0.08005
304.95,2.33046,0.07464
306.55,2.32044,0.06982
308.15,2.31069,0.06553
309.75,2.30124,0.06173
311.35,2.29209,0.05837
312.95,2.28326,0.05542
314.55,2.27475,0.05284
316.15,2.26658,0.0506
317.75,2.25875,0.04868
319.35,2.25133,0.04703
320.95,2.24435,0.0455
322.55,2.23769,0.04403
324.16,2.23129,0.0426
325.76,2.22512,0.04122
327.36,2.21914,0.03989
328.96,2.21335,0.03861
330.56,2.20773,0.03737
332.16,2.20226,0.03617
333.76,2.19692,0.03502
335.36,2.19173,0.03391
336.96,2.18665,0.03284
338.56,2.1817,0.0318
340.16,2.17685,0.03081
341.76,2.17211,0.02985
343.36,2.16746,0.02893
344.97,2.16291,0.02804
346.57,2.15846,0.02718
348.17,2.15408,0.02635
349.77,2.14979,0.02556
351.37,2.14558,0.02479
352.97,2.14144,0.02406
354.57,2.13738,0.02335
356.17,2.13338,0.02266
357.77,2.12945,0.022
359.38,2.12559,0.02137
360.98,2.12179,0.02076
362.58,2.11804,0.02017
364.18,2.11436,0.01961
365.78,2.11073,0.01907
367.38,2.10716,0.01854
368.98,2.10364,0.01804
370.58,2.10017,0.01756
372.19,2.09675,0.01709
373.79,2.09337,0.01664
375.39,2.09005,0.01621
376.99,2.08676,0.0158
378.59,2.08352,0.0154
380.19,2.08033,0.01502
381.79,2.07717,0.01465
383.39,2.07406,0.0143
385,2.07098,0.01396
386.6,2.06794,0.01363
388.2,2.06494,0.01332
389.8,2.06197,0.01301
391.4,2.05903,0.01272
393,2.05613,0.01244
394.6,2.05327,0.01218
396.21,2.05043,0.01192
397.81,2.04762,0.01167
399.41,2.04485,0.01144
401.01,2.0421,0.01121
402.61,2.03938,0.01099
404.21,2.03669,0.01078
405.81,2.03403,0.01058
407.42,2.03139,0.01039
409.02,2.02878,0.01021
410.62,2.0262,0.01003
412.22,2.02364,0.00986
413.82,2.0211,0.0097
415.42,2.01858,0.00955
417.02,2.01609,0.0094
418.63,2.01362,0.00926
420.23,2.01116,0.00912
421.83,2.00873,0.00899
423.43,2.00632,0.00887
425.03,2.00393,0.00875
426.63,2.00156,0.00864
428.23,1.99921,0.00853
429.84,1.99688,0.00843
431.44,1.99456,0.00834
433.04,1.99226,0.00824
434.64,1.98998,0.00816
436.24,1.98771,0.00807
437.84,1.98546,0.008
439.44,1.98323,0.00792
441.05,1.981,0.00785
442.65,1.9788,0.00779
444.25,1.97661,0.00773
445.85,1.97443,0.00767
447.45,1.97227,0.00761
449.05,1.97012,0.00756
450.65,1.96798,0.00751
452.25,1.96586,0.00747
453.86,1.96375,0.00743
455.46,1.96164,0.00739
457.06,1.95956,0.00735
458.66,1.95748,0.00732
460.26,1.95541,0.00729
461.86,1.95336,0.00727
463.46,1.95131,0.00724
465.06,1.94928,0.00722
466.67,1.94725,0.0072
468.27,1.94524,0.00719
469.87,1.94323,0.00717
471.47,1.94123,0.00716
473.07,1.93925,0.00715
474.67,1.93727,0.00715
476.27,1.9353,0.00714
477.87,1.93333,0.00714
479.47,1.93138,0.00714
481.07,1.92943,0.00714
482.67,1.92749,0.00714
484.28,1.92556,0.00715
485.88,1.92364,0.00715
487.48,1.92172,0.00716
489.08,1.91981,0.00718
490.68,1.9179,0.00719
492.28,1.91601,0.0072
493.88,1.91411,0.00722
495.48,1.91223,0.00724
497.08,1.91035,0.00725
498.68,1.90847,0.00728
500.28,1.9066,0.0073
501.88,1.90474,0.00732
503.48,1.90288,0.00735
505.08,1.90103,0.00737
506.68,1.89918,0.0074
508.28,1.89733,0.00743
509.89,1.89549,0.00746
511.49,1.89366,0.00749
513.09,1.89183,0.00753
514.69,1.89,0.00756
516.29,1.88817,0.0076
517.89,1.88635,0.00764
519.49,1.88454,0.00767
521.09,1.88273,0.00771
522.69,1.88092,0.00775
524.29,1.87911,0.0078
525.89,1.87731,0.00784
527.49,1.87551,0.00788
529.09,1.87371,0.00793
530.69,1.87192,0.00797
532.29,1.87013,0.00802
533.89,1.86834,0.00807
535.49,1.86655,0.00812
537.09,1.86477,0.00817
538.68,1.86299,0.00822
540.28,1.86121,0.00828
541.88,1.85943,0.00833
543.48,1.85765,0.00838
545.08,1.85588,0.00844
546.68,1.85411,0.0085
548.28,1.85234,0.00855
549.88,1.85057,0.00861
551.48,1.8488,0.00867
553.08,1.84703,0.00873
554.68,1.84527,0.0088
556.28,1.8435,0.00886
557.88,1.84174,0.00892
559.48,1.83998,0.00898
561.07,1.83822,0.00905
562.67,1.83646,0.00911
564.27,1.8347,0.00918
565.87,1.83294,0.00925
567.47,1.83118,0.00932
569.07,1.82943,0.00939
570.67,1.82767,0.00946
572.27,1.82591,0.00953
573.86,1.82415,0.0096
575.46,1.8224,0.00967
577.06,1.82064,0.00975
578.66,1.81888,0.00982
580.26,1.81713,0.0099
581.86,1.81537,0.00997
583.45,1.81362,0.01005
585.05,1.81186,0.01013
586.65,1.8101,0.01021
588.25,1.80834,0.01029
589.85,1.80659,0.01037
591.44,1.80483,0.01045
593.04,1.80307,0.01053
594.64,1.80131,0.01061
596.24,1.79955,0.0107
597.83,1.79779,0.01078
599.43,1.79603,0.01087
601.03,1.79426,0.01095
602.63,1.7925,0.01104
604.22,1.79074,0.01113
605.82,1.78897,0.01121
607.42,1.7872,0.0113
609.02,1.78544,0.01139
610.61,1.78367,0.01148
612.21,1.7819,0.01158
613.81,1.78012,0.01167
615.4,1.77835,0.01176
617,1.77658,0.01185
618.6,1.7748,0.01195
620.19,1.77302,0.01205
621.79,1.77125,0.01214
623.39,1.76947,0.01224
624.98,1.76768,0.01234
626.58,1.7659,0.01244
628.18,1.76411,0.01253
629.77,1.76233,0.01264
631.37,1.76054,0.01274
632.96,1.75875,0.01284
634.56,1.75695,0.01294
636.16,1.75516,0.01304
637.75,1.75336,0.01315
639.35,1.75156,0.01325
640.94,1.74976,0.01336
642.54,1.74796,0.01347
644.13,1.74615,0.01358
645.73,1.74434,0.01368
647.32,1.74253,0.01379
648.92,1.74072,0.0139
650.51,1.73891,0.01402
652.11,1.73709,0.01413
653.7,1.73527,0.01424
655.3,1.73345,0.01435
656.89,1.73162,0.01447
658.49,1.7298,0.01458
660.08,1.72797,0.0147
661.68,1.72613,0.01482
663.27,1.7243,0.01493
664.87,1.72246,0.01505
666.46,1.72062,0.01517
668.05,1.71877,0.01529
669.65,1.71693,0.01541
671.24,1.71508,0.01553
672.84,1.71323,0.01566
674.43,1.71137,0.01578
676.02,1.70951,0.0159
677.62,1.70765,0.01603
679.21,1.70579,0.01616
680.8,1.70392,0.01628
682.4,1.70205,0.01641
683.99,1.70017,0.01654
685.58,1.6983,0.01667
687.18,1.69642,0.0168
688.77,1.69453,0.01693
690.36,1.69265,0.01707
691.96,1.69076,0.0172
693.55,1.68886,0.01733
695.14,1.68697,0.01747
696.73,1.68507,0.0176
698.32,1.68316,0.01774
699.92,1.68125,0.01788
701.51,1.67934,0.01802
703.1,1.67743,0.01816
704.69,1.67551,0.0183
706.28,1.67359,0.01844
707.88,1.67166,0.01859
709.47,1.66973,0.01873
711.06,1.6678,0.01887
712.65,1.66586,0.01902
714.24,1.66392,0.01917
715.83,1.66198,0.01931
717.42,1.66003,0.01946
719.02,1.65807,0.01961
720.61,1.65612,0.01976
722.2,1.65416,0.01991
723.79,1.65219,0.02007
725.38,1.65023,0.02022
726.97,1.64825,0.02038
728.56,1.64627,0.02053
730.15,1.64429,0.02069
731.74,1.64231,0.02085
733.33,1.64032,0.021
734.92,1.63833,0.02117
736.51,1.63633,0.02133
738.1,1.63433,0.02149
739.69,1.63232,0.02165
741.28,1.63031,0.02182
742.87,1.6283,0.02198
744.46,1.62627,0.02215
746.04,1.62425,0.02231
747.63,1.62222,0.02248
749.22,1.62019,0.02265
750.81,1.61815,0.02282
752.4,1.61611,0.02299
753.99,1.61406,0.02317
755.58,1.61201,0.02334
757.16,1.60996,0.02352
758.75,1.6079,0.02369
760.34,1.60583,0.02387
761.93,1.60376,0.02405
763.52,1.60168,0.02423
765.1,1.5996,0.02441
766.69,1.59752,0.02459
768.28,1.59543,0.02477
769.87,1.59333,0.02496
771.45,1.59124,0.02515
773.04,1.58913,0.02533
774.63,1.58702,0.02552
776.21,1.58491,0.02571
777.8,1.58279,0.0259
779.39,1.58066,0.02609
780.97,1.57853,0.02628
782.56,1.5764,0.02648
784.14,1.57426,0.02668
785.73,1.57211,0.02687
787.32,1.56996,0.02707
788.9,1.5678,0.02727
790.49,1.56564,0.02747
792.07,1.56348,0.02767
793.66,1.5613,0.02788
795.24,1.55913,0.02808
796.83,1.55694,0.02829
798.41,1.55476,0.02849
800,1.55256,0.0287
801.58,1.55036,0.02891
803.17,1.54816,0.02913
804.75,1.54595,0.02934
806.33,1.54373,0.02955
807.92,1.54151,0.02977
809.5,1.53928,0.02999
811.09,1.53705,0.0302
812.67,1.53481,0.03042
814.25,1.53256,0.03064
815.84,1.53031,0.03087
817.42,1.52805,0.03109
819,1.52579,0.03132
820.58,1.52352,0.03154
822.17,1.52125,0.03177
823.75,1.51897,0.032
825.33,1.51668,0.03224
826.91,1.51439,0.03247
828.5,1.51209,0.0327
830.08,1.50978,0.03294
831.66,1.50747,0.03318
833.24,1.50516,0.03342
834.82,1.50283,0.03366
836.41,1.5005,0.0339
837.99,1.49817,0.03415
839.57,1.49582,0.03439
841.15,1.49347,0.03464
842.73,1.49112,0.03489
844.31,1.48876,0.03514
845.89,1.48639,0.03539
847.47,1.48401,0.03565
849.05,1.48163,0.0359
850.63,1.47924,0.03616
852.21,1.47685,0.03642
853.79,1.47445,0.03668
855.37,1.47204,0.03694
856.95,1.46962,0.03721
858.53,1.4672,0.03748
860.11,1.46477,0.03774
861.69,1.46234,0.03801
863.26,1.4599,0.03829
864.84,1.45745,0.03856
866.42,1.45499,0.03884
868,1.45253,0.03911
869.58,1.45006,0.03939
871.16,1.44758,0.03967
872.73,1.4451,0.03996
874.31,1.4426,0.04024
875.89,1.4401,0.04053
877.47,1.4376,0.04082
879.04,1.43508,0.04111
880.62,1.43256,0.0414
882.2,1.43003,0.0417
883.77,1.4275,0.04199
885.35,1.42496,0.04229
886.93,1.4224,0.04259
888.5,1.41985,0.0429
890.08,1.41728,0.0432
891.65,1.41471,0.04351
893.23,1.41213,0.04382
894.81,1.40954,0.04413
896.38,1.40694,0.04445
897.96,1.40434,0.04476
899.53,1.40172,0.04508
901.11,1.3991,0.0454
902.68,1.39647,0.04573
904.25,1.39384,0.04605
905.83,1.39119,0.04638
907.4,1.38854,0.04671
908.98,1.38588,0.04704
910.55,1.38321,0.04738
912.12,1.38053,0.04771
913.7,1.37785,0.04805
915.27,1.37515,0.04839
916.84,1.37245,0.04874
918.42,1.36974,0.04908
919.99,1.36702,0.04943
921.56,1.36429,0.04979
923.13,1.36156,0.05014
924.7,1.35881,0.0505
926.28,1.35606,0.05086
927.85,1.3533,0.05122
929.42,1.35053,0.05158
930.99,1.34775,0.05195
932.56,1.34496,0.05232
934.13,1.34216,0.0527
935.7,1.33935,0.05307
937.28,1.33653,0.05345
938.85,1.33371,0.05383
940.42,1.33087,0.05422
941.99,1.32803,0.05461
943.56,1.32518,0.055
945.13,1.32231,0.05539
946.69,1.31944,0.05579
948.26,1.31656,0.05618
949.83,1.31367,0.05659
951.4,1.31077,0.05699
952.97,1.30786,0.0574
954.54,1.30494,0.05781
956.11,1.30201,0.05823
957.68,1.29907,0.05865
959.24,1.29612,0.05907
960.81,1.29316,0.05949
962.38,1.29019,0.05992
963.95,1.28721,0.06035
965.51,1.28422,0.06078
967.08,1.28122,0.06122
968.65,1.27821,0.06166
970.21,1.27519,0.06211
971.78,1.27216,0.06256
973.35,1.26912,0.06301
974.91,1.26607,0.06347
976.48,1.263,0.06393
978.04,1.25993,0.06439
979.61,1.25684,0.06486
981.17,1.25375,0.06533
982.74,1.25064,0.0658
984.3,1.24752,0.06628
985.87,1.24439,0.06676
987.43,1.24126,0.06725
989,1.2381,0.06774
990.56,1.23494,0.06824
992.12,1.23177,0.06873
993.69,1.22858,0.06924
995.25,1.22538,0.06974
996.81,1.22217,0.07026
998.38,1.21895,0.07077
999.94,1.21572,0.07129
1013.38,1.18739,0.07596
1016.81,1.18002,0.07721
1020.24,1.17257,0.07849
1023.67,1.16506,0.07979
1027.09,1.15749,0.08112
1030.52,1.14984,0.08247
1033.95,1.14213,0.08386
1037.38,1.13434,0.08527
1040.81,1.12649,0.08672
1044.23,1.11856,0.08819
1047.66,1.11055,0.0897
1051.09,1.10247,0.09125
1054.52,1.09431,0.09283
1057.95,1.08607,0.09444
1061.37,1.07776,0.0961
1064.8,1.06935,0.09779
1068.23,1.06087,0.09952
1071.66,1.0523,0.1013
1075.09,1.04364,0.10312
1078.51,1.03489,0.10498
1081.94,1.02605,0.10689
1085.37,1.01712,0.10886
1088.8,1.00809,0.11087
1092.23,0.99896,0.11294
1095.65,0.98974,0.11506
1099.08,0.98041,0.11725
1102.51,0.97098,0.11949
1105.94,0.96145,0.1218
1109.37,0.9518,0.12418
1112.8,0.94205,0.12662
1116.22,0.93218,0.12915
1119.65,0.92219,0.13175
1123.08,0.91209,0.13443
1126.51,0.90186,0.1372
1129.94,0.89152,0.14005
1133.37,0.88104,0.14301
1136.8,0.87044,0.14606
1140.22,0.8597,0.14922
1143.65,0.84883,0.15249
1147.08,0.83782,0.15588
1150.51,0.82667,0.1594
1153.94,0.81538,0.16305
1157.37,0.80394,0.16684
1160.8,0.79236,0.17078
1164.23,0.78062,0.17489
1167.66,0.76873,0.17916
1171.09,0.75669,0.18361
1174.52,0.74449,0.18825
1177.95,0.73214,0.1931
1181.38,0.71963,0.19817
1184.81,0.70697,0.20348
1188.24,0.69415,0.20903
1191.67,0.68118,0.21485
1195.1,0.66806,0.22096
1198.53,0.65481,0.22737
1201.96,0.64142,0.2341
1205.39,0.62791,0.24118
1208.83,0.61428,0.24863
1212.26,0.60056,0.25647
1215.69,0.58677,0.26473
1219.12,0.57293,0.27342
1222.55,0.55905,0.28256
1225.98,0.54519,0.29218
1229.42,0.53136,0.30229
1232.85,0.51762,0.31291
1236.28,0.504,0.32405
1239.71,0.49056,0.33569
1243.15,0.47734,0.34785
1246.58,0.46438,0.36051
1250.01,0.45175,0.37365
1253.45,0.43948,0.38723
1256.88,0.42762,0.40124
1260.31,0.4162,0.41562
1263.75,0.40525,0.43033
1267.18,0.39479,0.44532
1270.62,0.38484,0.46053
1274.05,0.3754,0.47593
1277.49,0.36647,0.49147
1280.92,0.35803,0.50709
1284.36,0.35009,0.52276
1287.79,0.34261,0.53844
1291.23,0.33559,0.5541
1294.66,0.32899,0.56971
1298.1,0.3228,0.58525
1301.54,0.31699,0.60069
1304.97,0.31153,0.61604
1308.41,0.30642,0.63126
1311.85,0.30161,0.64635
1315.28,0.2971,0.6613
1318.72,0.29286,0.67612
1322.16,0.28888,0.69079
1325.6,0.28513,0.70531
1329.04,0.2816,0.71968
1332.48,0.27828,0.7339
1335.91,0.27515,0.74797
1339.35,0.2722,0.7619
1342.79,0.26942,0.77568
1346.23,0.26679,0.78932
1349.67,0.26431,0.80282
1353.11,0.26196,0.81618
1356.55,0.25975,0.82941
1360,0.25765,0.8425
1363.44,0.25566,0.85547
1366.88,0.25378,0.8683
1370.32,0.252,0.88102
1373.76,0.25032,0.89361
1377.2,0.24872,0.90609
1380.65,0.2472,0.91846
1384.09,0.24577,0.93071
1387.53,0.2444,0.94286
1390.98,0.24311,0.95489
1394.42,0.24189,0.96683
1397.87,0.24072,0.97867
1401.31,0.23962,0.99041
1404.76,0.23858,1.00205
1408.2,0.23759,1.01361
1411.65,0.23665,1.02507
1415.09,0.23576,1.03645
1418.54,0.23491,1.04773
1421.99,0.23411,1.05894
1425.43,0.23336,1.07007
1428.88,0.23264,1.08111
1432.33,0.23197,1.09208
1435.78,0.23133,1.10298
1439.22,0.23072,1.1138
1442.67,0.23015,1.12454
1446.12,0.22962,1.13522
1449.57,0.22911,1.14583
1453.02,0.22863,1.15638
1456.47,0.22819,1.16686
1459.92,0.22777,1.17727
1463.37,0.22738,1.18762
1466.83,0.22701,1.19791
1470.28,0.22667,1.20815
1473.73,0.22635,1.21832
1477.18,0.22606,1.22844
1480.64,0.22579,1.2385
1484.09,0.22554,1.24851
1487.54,0.22531,1.25846
1491,0.2251,1.26837
1494.45,0.22491,1.27822
1497.91,0.22474,1.28802
1501.36,0.22458,1.29777
1504.82,0.22445,1.30748
1508.28,0.22433,1.31714
1511.73,0.22423,1.32675
1515.19,0.22414,1.33631
1518.65,0.22407,1.34584
1522.11,0.22401,1.35532
1525.56,0.22397,1.36476
1529.02,0.22395,1.37415
1532.48,0.22394,1.38351
1535.94,0.22394,1.39282
1539.4,0.22395,1.4021
1542.87,0.22398,1.41134
1546.33,0.22401,1.42053
1549.79,0.22406,1.4297
1553.25,0.22413,1.43882
1556.71,0.2242,1.44791
1560.18,0.22429,1.45697
1563.64,0.22438,1.46599
1567.11,0.22449,1.47497
1570.57,0.22461,1.48393
1574.04,0.22473,1.49285
1577.5,0.22487,1.50174
1580.97,0.22502,1.51059
1584.43,0.22517,1.51942
1587.9,0.22534,1.52821
1591.37,0.22551,1.53698
1594.84,0.22569,1.54571
1598.31,0.22589,1.55442
1601.78,0.22609,1.5631
1605.25,0.22629,1.57175
1608.72,0.22651,1.58037
1612.19,0.22673,1.58896
1615.66,0.22696,1.59753
1619.13,0.2272,1.60607
1622.6,0.22745,1.61459
1626.08,0.2277,1.62308
1629.55,0.22796,1.63154
1633.02,0.22823,1.63998
1636.5,0.22851,1.6484
1639.97,0.22879,1.65679
1643.45,0.22908,1.66515
1646.93,0.22937,1.6735
1650.4,0.22967,1.68182
1653.88,0.22998,1.69012
1657.36,0.23029,1.69839
1660.84,0.23061,1.70665
1664.32,0.23094,1.71488
1667.8,0.23127,1.72309
1671.28,0.2316,1.73128
1674.76,0.23195,1.73945
1678.24,0.23229,1.7476
1681.72,0.23265,1.75573
1685.2,0.23301,1.76384
1688.69,0.23337,1.77193
